<?xml version="1.0" encoding="UTF-8"?>
<project-private xmlns="http://www.netbeans.org/ns/project-private/1">
    <editor-bookmarks xmlns="http://www.netbeans.org/ns/editor-bookmarks/2" lastBookmarkId="0"/>
    <open-files xmlns="http://www.netbeans.org/ns/projectui-open-files/2">
        <group>
            <file>file:/Applications/XAMPP/htdocs/adminpanel/includes/gc_functions.php</file>
            <file>file:/Applications/XAMPP/htdocs/adminpanel/index.php</file>
            <file>file:/Applications/XAMPP/htdocs/adminpanel/events/apr.php</file>
            <file>file:/Applications/XAMPP/htdocs/adminpanel/includes/encode/index.php</file>
            <file>file:/Applications/XAMPP/htdocs/adminpanel/includes/db_functions.php</file>
            <file>file:/Applications/XAMPP/htdocs/adminpanel/pages/pages.php</file>
        </group>
    </open-files>
</project-private>
